created_at,symbol,name,price,currency,source
2026-01-30,HG=F,Miedź,5.924,USD,investing_com
2026-01-29,HG=F,Miedź,6.2035,USD,investing_com
2026-01-28,HG=F,Miedź,5.898,USD,investing_com
2026-01-27,HG=F,Miedź,5.8335,USD,investing_com
2026-01-26,HG=F,Miedź,5.991,USD,investing_com
2026-01-23,HG=F,Miedź,5.9475,USD,investing_com
2026-01-22,HG=F,Miedź,5.779,USD,investing_com
2026-01-21,HG=F,Miedź,5.768,USD,investing_com
2026-01-20,HG=F,Miedź,5.8125,USD,investing_com
2026-01-19,HG=F,Miedź,5.8965,USD,investing_com
2026-01-18,HG=F,Miedź,5.8993,USD,investing_com
2026-01-16,HG=F,Miedź,5.831,USD,investing_com
2026-01-15,HG=F,Miedź,5.9915,USD,investing_com
2026-01-14,HG=F,Miedź,6.0555,USD,investing_com
2026-01-13,HG=F,Miedź,6.016,USD,investing_com
2026-01-12,HG=F,Miedź,6.0315,USD,investing_com
2026-01-09,HG=F,Miedź,5.9025,USD,investing_com
2026-01-08,HG=F,Miedź,5.7965,USD,investing_com
2026-01-07,HG=F,Miedź,5.8605,USD,investing_com
2026-01-06,HG=F,Miedź,6.0625,USD,investing_com
2026-01-05,HG=F,Miedź,5.9755,USD,investing_com
2026-01-02,HG=F,Miedź,5.6915,USD,investing_com
2026-01-01,HG=F,Miedź,5.756,USD,investing_com
2025-12-31,HG=F,Miedź,5.682,USD,investing_com
2025-12-30,HG=F,Miedź,5.7815,USD,investing_com
2025-12-29,HG=F,Miedź,5.537,USD,investing_com
2025-12-26,HG=F,Miedź,5.8395,USD,investing_com
2025-12-25,HG=F,Miedź,5.6892,USD,investing_com
2025-12-24,HG=F,Miedź,5.575,USD,investing_com
2025-12-23,HG=F,Miedź,5.552,USD,investing_com
2025-12-22,HG=F,Miedź,5.5095,USD,investing_com
2025-12-19,HG=F,Miedź,5.51,USD,investing_com
2025-12-18,HG=F,Miedź,5.4375,USD,investing_com
2025-12-17,HG=F,Miedź,5.4355,USD,investing_com
2025-12-16,HG=F,Miedź,5.359,USD,investing_com
2025-12-15,HG=F,Miedź,5.412,USD,investing_com
2025-12-12,HG=F,Miedź,5.359,USD,investing_com
2025-12-11,HG=F,Miedź,5.5015,USD,investing_com
2025-12-10,HG=F,Miedź,5.3535,USD,investing_com
2025-12-09,HG=F,Miedź,5.32,USD,investing_com
2025-12-08,HG=F,Miedź,5.4445,USD,investing_com
2025-12-05,HG=F,Miedź,5.462,USD,investing_com
2025-12-04,HG=F,Miedź,5.3735,USD,investing_com
2025-12-03,HG=F,Miedź,5.389,USD,investing_com
2025-12-02,HG=F,Miedź,5.243,USD,investing_com
2025-12-01,HG=F,Miedź,5.303,USD,investing_com
2025-11-28,HG=F,Miedź,5.272,USD,investing_com
2025-11-27,HG=F,Miedź,5.1677,USD,investing_com
2025-11-26,HG=F,Miedź,5.194,USD,investing_com
2025-11-25,HG=F,Miedź,5.0625,USD,investing_com
2025-11-24,HG=F,Miedź,5.026,USD,investing_com
2025-11-21,HG=F,Miedź,5.096,USD,investing_com
2025-11-20,HG=F,Miedź,5.0485,USD,investing_com
2025-11-19,HG=F,Miedź,5.097,USD,investing_com
2025-11-18,HG=F,Miedź,5.0505,USD,investing_com
2025-11-17,HG=F,Miedź,5.0865,USD,investing_com
2025-11-14,HG=F,Miedź,5.063,USD,investing_com
2025-11-13,HG=F,Miedź,5.102,USD,investing_com
2025-11-12,HG=F,Miedź,5.1055,USD,investing_com
2025-11-11,HG=F,Miedź,5.066,USD,investing_com
2025-11-10,HG=F,Miedź,5.106,USD,investing_com
2025-11-07,HG=F,Miedź,4.957,USD,investing_com
2025-11-06,HG=F,Miedź,4.9675,USD,investing_com
2025-11-05,HG=F,Miedź,4.986,USD,investing_com
2025-11-04,HG=F,Miedź,4.9485,USD,investing_com
2025-11-03,HG=F,Miedź,5.069,USD,investing_com
2025-10-31,HG=F,Miedź,5.089,USD,investing_com
2025-10-30,HG=F,Miedź,5.104,USD,investing_com
2025-10-29,HG=F,Miedź,5.237,USD,investing_com
2025-10-28,HG=F,Miedź,5.145,USD,investing_com
2025-10-27,HG=F,Miedź,5.146,USD,investing_com
2025-10-24,HG=F,Miedź,5.1225,USD,investing_com
2025-10-23,HG=F,Miedź,5.1105,USD,investing_com
2025-10-22,HG=F,Miedź,4.9955,USD,investing_com
2025-10-21,HG=F,Miedź,4.966,USD,investing_com
2025-10-20,HG=F,Miedź,5.036,USD,investing_com
2025-10-17,HG=F,Miedź,4.9695,USD,investing_com
2025-10-16,HG=F,Miedź,4.999,USD,investing_com
2025-10-15,HG=F,Miedź,5.0145,USD,investing_com
2025-10-14,HG=F,Miedź,5.023,USD,investing_com
2025-10-13,HG=F,Miedź,5.144,USD,investing_com
2025-10-10,HG=F,Miedź,4.894,USD,investing_com
2025-10-09,HG=F,Miedź,5.123,USD,investing_com
2025-10-08,HG=F,Miedź,5.0945,USD,investing_com
2025-10-07,HG=F,Miedź,5.0975,USD,investing_com
2025-10-06,HG=F,Miedź,5.038,USD,investing_com
2025-10-03,HG=F,Miedź,5.109,USD,investing_com
2025-10-02,HG=F,Miedź,4.9495,USD,investing_com
2025-10-01,HG=F,Miedź,4.8825,USD,investing_com
2025-09-30,HG=F,Miedź,4.8565,USD,investing_com
2025-09-29,HG=F,Miedź,4.892,USD,investing_com
2025-09-26,HG=F,Miedź,4.746,USD,investing_com
2025-09-25,HG=F,Miedź,4.7325,USD,investing_com
2025-09-24,HG=F,Miedź,4.7885,USD,investing_com
2025-09-23,HG=F,Miedź,4.6195,USD,investing_com
2025-09-22,HG=F,Miedź,4.6075,USD,investing_com
2025-09-19,HG=F,Miedź,4.6275,USD,investing_com
2025-09-18,HG=F,Miedź,4.6005,USD,investing_com
2025-09-17,HG=F,Miedź,4.632,USD,investing_com
2025-09-16,HG=F,Miedź,4.694,USD,investing_com
2025-09-15,HG=F,Miedź,4.7175,USD,investing_com
2025-09-12,HG=F,Miedź,4.652,USD,investing_com
2025-09-11,HG=F,Miedź,4.658,USD,investing_com
2025-09-10,HG=F,Miedź,4.618,USD,investing_com
2025-09-09,HG=F,Miedź,4.5695,USD,investing_com
2025-09-08,HG=F,Miedź,4.5595,USD,investing_com
2025-09-05,HG=F,Miedź,4.551,USD,investing_com
2025-09-04,HG=F,Miedź,4.5585,USD,investing_com
2025-09-03,HG=F,Miedź,4.63,USD,investing_com
2025-09-02,HG=F,Miedź,4.641,USD,investing_com
2025-09-01,HG=F,Miedź,4.5825,USD,investing_com
2025-08-31,HG=F,Miedź,4.5853,USD,investing_com
2025-08-29,HG=F,Miedź,4.5905,USD,investing_com
2025-08-28,HG=F,Miedź,4.539,USD,investing_com
2025-08-27,HG=F,Miedź,4.4715,USD,investing_com
2025-08-26,HG=F,Miedź,4.51,USD,investing_com
2025-08-25,HG=F,Miedź,4.5265,USD,investing_com
2025-08-22,HG=F,Miedź,4.5275,USD,investing_com
2025-08-21,HG=F,Miedź,4.5115,USD,investing_com
2025-08-20,HG=F,Miedź,4.5105,USD,investing_com
2025-08-19,HG=F,Miedź,4.4885,USD,investing_com
2025-08-18,HG=F,Miedź,4.536,USD,investing_com
2025-08-15,HG=F,Miedź,4.4925,USD,investing_com
2025-08-14,HG=F,Miedź,4.4795,USD,investing_com
2025-08-13,HG=F,Miedź,4.4975,USD,investing_com
2025-08-12,HG=F,Miedź,4.5255,USD,investing_com
2025-08-11,HG=F,Miedź,4.44,USD,investing_com
2025-08-08,HG=F,Miedź,4.4715,USD,investing_com
2025-08-07,HG=F,Miedź,4.3985,USD,investing_com
2025-08-06,HG=F,Miedź,4.413,USD,investing_com
2025-08-05,HG=F,Miedź,4.386,USD,investing_com
2025-08-04,HG=F,Miedź,4.4375,USD,investing_com
2025-08-01,HG=F,Miedź,4.4355,USD,investing_com
2025-07-31,HG=F,Miedź,4.3545,USD,investing_com
2025-07-30,HG=F,Miedź,5.586,USD,investing_com
2025-07-29,HG=F,Miedź,5.607,USD,investing_com
2025-07-28,HG=F,Miedź,5.5975,USD,investing_com
2025-07-25,HG=F,Miedź,5.785,USD,investing_com
2025-07-24,HG=F,Miedź,5.8015,USD,investing_com
2025-07-23,HG=F,Miedź,5.8195,USD,investing_com
2025-07-22,HG=F,Miedź,5.7215,USD,investing_com
2025-07-21,HG=F,Miedź,5.6375,USD,investing_com
2025-07-18,HG=F,Miedź,5.6045,USD,investing_com
2025-07-17,HG=F,Miedź,5.5125,USD,investing_com
2025-07-16,HG=F,Miedź,5.526,USD,investing_com
2025-07-15,HG=F,Miedź,5.5775,USD,investing_com
2025-07-14,HG=F,Miedź,5.5505,USD,investing_com
2025-07-11,HG=F,Miedź,5.6045,USD,investing_com
2025-07-10,HG=F,Miedź,5.591,USD,investing_com
2025-07-09,HG=F,Miedź,5.4865,USD,investing_com
2025-07-08,HG=F,Miedź,5.6855,USD,investing_com
2025-07-07,HG=F,Miedź,5.026,USD,investing_com
2025-07-04,HG=F,Miedź,5.0625,USD,investing_com
2025-07-03,HG=F,Miedź,5.1415,USD,investing_com
2025-07-02,HG=F,Miedź,5.1975,USD,investing_com
2025-07-01,HG=F,Miedź,5.0995,USD,investing_com
2025-06-30,HG=F,Miedź,5.0825,USD,investing_com
2025-06-27,HG=F,Miedź,5.123,USD,investing_com
2025-06-26,HG=F,Miedź,5.0925,USD,investing_com
2025-06-25,HG=F,Miedź,4.913,USD,investing_com
2025-06-24,HG=F,Miedź,4.867,USD,investing_com
2025-06-23,HG=F,Miedź,4.843,USD,investing_com
2025-06-20,HG=F,Miedź,4.8335,USD,investing_com
2025-06-19,HG=F,Miedź,4.8135,USD,investing_com
2025-06-18,HG=F,Miedź,4.853,USD,investing_com
2025-06-17,HG=F,Miedź,4.809,USD,investing_com
2025-06-16,HG=F,Miedź,4.836,USD,investing_com
2025-06-13,HG=F,Miedź,4.8145,USD,investing_com
2025-06-12,HG=F,Miedź,4.8355,USD,investing_com
2025-06-11,HG=F,Miedź,4.8145,USD,investing_com
2025-06-10,HG=F,Miedź,4.9,USD,investing_com
2025-06-09,HG=F,Miedź,4.925,USD,investing_com
2025-06-06,HG=F,Miedź,4.848,USD,investing_com
2025-06-05,HG=F,Miedź,4.933,USD,investing_com
2025-06-04,HG=F,Miedź,4.8865,USD,investing_com
2025-06-03,HG=F,Miedź,4.834,USD,investing_com
2025-06-02,HG=F,Miedź,4.8585,USD,investing_com
2025-05-30,HG=F,Miedź,4.6775,USD,investing_com
2025-05-29,HG=F,Miedź,4.6755,USD,investing_com
2025-05-28,HG=F,Miedź,4.6505,USD,investing_com
2025-05-27,HG=F,Miedź,4.715,USD,investing_com
2025-05-26,HG=F,Miedź,4.8333,USD,investing_com
2025-05-25,HG=F,Miedź,4.8518,USD,investing_com
2025-05-23,HG=F,Miedź,4.8365,USD,investing_com
2025-05-22,HG=F,Miedź,4.6795,USD,investing_com
2025-05-21,HG=F,Miedź,4.672,USD,investing_com
2025-05-20,HG=F,Miedź,4.654,USD,investing_com
2025-05-19,HG=F,Miedź,4.6705,USD,investing_com
2025-05-16,HG=F,Miedź,4.5935,USD,investing_com
2025-05-15,HG=F,Miedź,4.6835,USD,investing_com
2025-05-14,HG=F,Miedź,4.6505,USD,investing_com
2025-05-13,HG=F,Miedź,4.723,USD,investing_com
2025-05-12,HG=F,Miedź,4.621,USD,investing_com
2025-05-09,HG=F,Miedź,4.653,USD,investing_com
2025-05-08,HG=F,Miedź,4.604,USD,investing_com
2025-05-07,HG=F,Miedź,4.6595,USD,investing_com
2025-05-06,HG=F,Miedź,4.778,USD,investing_com
2025-05-05,HG=F,Miedź,4.699,USD,investing_com
2025-05-02,HG=F,Miedź,4.673,USD,investing_com
2025-05-01,HG=F,Miedź,4.628,USD,investing_com
2025-04-30,HG=F,Miedź,4.609,USD,investing_com
2025-04-29,HG=F,Miedź,4.8725,USD,investing_com
2025-04-28,HG=F,Miedź,4.8645,USD,investing_com
2025-04-25,HG=F,Miedź,4.895,USD,investing_com
2025-04-24,HG=F,Miedź,4.9105,USD,investing_com
2025-04-23,HG=F,Miedź,4.895,USD,investing_com
2025-04-22,HG=F,Miedź,4.928,USD,investing_com
2025-04-21,HG=F,Miedź,4.78,USD,investing_com
2025-04-17,HG=F,Miedź,4.739,USD,investing_com
2025-04-16,HG=F,Miedź,4.6855,USD,investing_com
2025-04-15,HG=F,Miedź,4.626,USD,investing_com
2025-04-14,HG=F,Miedź,4.6255,USD,investing_com
2025-04-11,HG=F,Miedź,4.523,USD,investing_com
2025-04-10,HG=F,Miedź,4.3365,USD,investing_com
2025-04-09,HG=F,Miedź,4.1925,USD,investing_com
2025-04-08,HG=F,Miedź,4.144,USD,investing_com
2025-04-07,HG=F,Miedź,4.186,USD,investing_com
2025-04-04,HG=F,Miedź,4.402,USD,investing_com
2025-04-03,HG=F,Miedź,4.8285,USD,investing_com
2025-04-02,HG=F,Miedź,5.0405,USD,investing_com
2025-04-01,HG=F,Miedź,5.035,USD,investing_com
2025-03-31,HG=F,Miedź,5.034,USD,investing_com
2025-03-28,HG=F,Miedź,5.13,USD,investing_com
2025-03-27,HG=F,Miedź,5.0985,USD,investing_com
2025-03-26,HG=F,Miedź,5.2185,USD,investing_com
2025-03-25,HG=F,Miedź,5.185,USD,investing_com
2025-03-24,HG=F,Miedź,5.0925,USD,investing_com
2025-03-21,HG=F,Miedź,5.1135,USD,investing_com
2025-03-20,HG=F,Miedź,5.112,USD,investing_com
2025-03-19,HG=F,Miedź,5.1,USD,investing_com
2025-03-18,HG=F,Miedź,5.0165,USD,investing_com
2025-03-17,HG=F,Miedź,4.959,USD,investing_com
2025-03-14,HG=F,Miedź,4.896,USD,investing_com
2025-03-13,HG=F,Miedź,4.9255,USD,investing_com
2025-03-12,HG=F,Miedź,4.8495,USD,investing_com
2025-03-11,HG=F,Miedź,4.766,USD,investing_com
2025-03-10,HG=F,Miedź,4.6665,USD,investing_com
2025-03-07,HG=F,Miedź,4.71,USD,investing_com
2025-03-06,HG=F,Miedź,4.8075,USD,investing_com
2025-03-05,HG=F,Miedź,4.794,USD,investing_com
2025-03-04,HG=F,Miedź,4.5565,USD,investing_com
2025-03-03,HG=F,Miedź,4.607,USD,investing_com
2025-02-28,HG=F,Miedź,4.548,USD,investing_com
2025-02-27,HG=F,Miedź,4.6185,USD,investing_com
2025-02-26,HG=F,Miedź,4.5615,USD,investing_com
2025-02-25,HG=F,Miedź,4.5035,USD,investing_com
2025-02-24,HG=F,Miedź,4.5635,USD,investing_com
2025-02-21,HG=F,Miedź,4.6155,USD,investing_com
2025-02-20,HG=F,Miedź,4.666,USD,investing_com
2025-02-19,HG=F,Miedź,4.614,USD,investing_com
2025-02-18,HG=F,Miedź,4.6425,USD,investing_com
2025-02-14,HG=F,Miedź,4.6645,USD,investing_com
2025-02-13,HG=F,Miedź,4.778,USD,investing_com
2025-02-12,HG=F,Miedź,4.7045,USD,investing_com
2025-02-11,HG=F,Miedź,4.601,USD,investing_com
2025-02-10,HG=F,Miedź,4.707,USD,investing_com
2025-02-07,HG=F,Miedź,4.589,USD,investing_com
2025-02-06,HG=F,Miedź,4.461,USD,investing_com
2025-02-05,HG=F,Miedź,4.444,USD,investing_com
2025-02-04,HG=F,Miedź,4.3535,USD,investing_com
2025-02-03,HG=F,Miedź,4.3055,USD,investing_com
2025-01-31,HG=F,Miedź,4.279,USD,investing_com
2025-01-30,HG=F,Miedź,4.3075,USD,investing_com
2025-01-29,HG=F,Miedź,4.2605,USD,investing_com
2025-01-28,HG=F,Miedź,4.2245,USD,investing_com
2025-01-27,HG=F,Miedź,4.208,USD,investing_com
2025-01-24,HG=F,Miedź,4.2965,USD,investing_com
2025-01-23,HG=F,Miedź,4.3055,USD,investing_com
2025-01-22,HG=F,Miedź,4.301,USD,investing_com
2025-01-21,HG=F,Miedź,4.341,USD,investing_com
2025-01-17,HG=F,Miedź,4.3685,USD,investing_com
2025-01-16,HG=F,Miedź,4.441,USD,investing_com
2025-01-15,HG=F,Miedź,4.389,USD,investing_com
2025-01-14,HG=F,Miedź,4.3425,USD,investing_com
2025-01-13,HG=F,Miedź,4.3255,USD,investing_com
2025-01-10,HG=F,Miedź,4.304,USD,investing_com
2025-01-09,HG=F,Miedź,4.3095,USD,investing_com
2025-01-08,HG=F,Miedź,4.2585,USD,investing_com
2025-01-07,HG=F,Miedź,4.1955,USD,investing_com
2025-01-06,HG=F,Miedź,4.1615,USD,investing_com
2025-01-03,HG=F,Miedź,4.0735,USD,investing_com
2025-01-02,HG=F,Miedź,4.026,USD,investing_com
2024-12-31,HG=F,Miedź,4.0265,USD,investing_com
2024-12-30,HG=F,Miedź,4.093,USD,investing_com
2024-12-27,HG=F,Miedź,4.1005,USD,investing_com
2024-12-26,HG=F,Miedź,4.108,USD,investing_com
2024-12-24,HG=F,Miedź,4.089,USD,investing_com
2024-12-23,HG=F,Miedź,4.0635,USD,investing_com
2024-12-20,HG=F,Miedź,4.079,USD,investing_com
2024-12-19,HG=F,Miedź,4.0555,USD,investing_com
2024-12-18,HG=F,Miedź,4.1355,USD,investing_com
2024-12-17,HG=F,Miedź,4.125,USD,investing_com
2024-12-16,HG=F,Miedź,4.1705,USD,investing_com
2024-12-13,HG=F,Miedź,4.177,USD,investing_com
2024-12-12,HG=F,Miedź,4.225,USD,investing_com
2024-12-11,HG=F,Miedź,4.245,USD,investing_com
2024-12-10,HG=F,Miedź,4.2535,USD,investing_com
2024-12-09,HG=F,Miedź,4.258,USD,investing_com
2024-12-06,HG=F,Miedź,4.1785,USD,investing_com
2024-12-05,HG=F,Miedź,4.1745,USD,investing_com
2024-12-04,HG=F,Miedź,4.183,USD,investing_com
2024-12-03,HG=F,Miedź,4.1845,USD,investing_com
2024-12-02,HG=F,Miedź,4.1135,USD,investing_com
2024-11-29,HG=F,Miedź,4.1225,USD,investing_com
2024-11-27,HG=F,Miedź,4.117,USD,investing_com
2024-11-26,HG=F,Miedź,4.075,USD,investing_com
2024-11-25,HG=F,Miedź,4.1215,USD,investing_com
2024-11-22,HG=F,Miedź,4.102,USD,investing_com
2024-11-21,HG=F,Miedź,4.138,USD,investing_com
2024-11-20,HG=F,Miedź,4.164,USD,investing_com
2024-11-19,HG=F,Miedź,4.153,USD,investing_com
2024-11-18,HG=F,Miedź,4.1335,USD,investing_com
2024-11-15,HG=F,Miedź,4.076,USD,investing_com
2024-11-14,HG=F,Miedź,4.105,USD,investing_com
2024-11-13,HG=F,Miedź,4.102,USD,investing_com
2024-11-12,HG=F,Miedź,4.154,USD,investing_com
2024-11-11,HG=F,Miedź,4.243,USD,investing_com
2024-11-08,HG=F,Miedź,4.3185,USD,investing_com
2024-11-07,HG=F,Miedź,4.44,USD,investing_com
2024-11-06,HG=F,Miedź,4.2595,USD,investing_com
2024-11-05,HG=F,Miedź,4.481,USD,investing_com
2024-11-04,HG=F,Miedź,4.4375,USD,investing_com
2024-11-01,HG=F,Miedź,4.382,USD,investing_com
2024-10-31,HG=F,Miedź,4.3515,USD,investing_com
2024-10-30,HG=F,Miedź,4.36,USD,investing_com
2024-10-29,HG=F,Miedź,4.3605,USD,investing_com
2024-10-28,HG=F,Miedź,4.3625,USD,investing_com
2024-10-25,HG=F,Miedź,4.3705,USD,investing_com
2024-10-24,HG=F,Miedź,4.3515,USD,investing_com
2024-10-23,HG=F,Miedź,4.3365,USD,investing_com
2024-10-22,HG=F,Miedź,4.3805,USD,investing_com
2024-10-21,HG=F,Miedź,4.3595,USD,investing_com
2024-10-18,HG=F,Miedź,4.3845,USD,investing_com
2024-10-17,HG=F,Miedź,4.325,USD,investing_com
2024-10-16,HG=F,Miedź,4.3675,USD,investing_com
2024-10-15,HG=F,Miedź,4.3375,USD,investing_com
2024-10-14,HG=F,Miedź,4.406,USD,investing_com
2024-10-11,HG=F,Miedź,4.4935,USD,investing_com
2024-10-10,HG=F,Miedź,4.4275,USD,investing_com
2024-10-09,HG=F,Miedź,4.3995,USD,investing_com
2024-10-08,HG=F,Miedź,4.4565,USD,investing_com
2024-10-07,HG=F,Miedź,4.5665,USD,investing_com
2024-10-04,HG=F,Miedź,4.574,USD,investing_com
2024-10-03,HG=F,Miedź,4.553,USD,investing_com
2024-10-02,HG=F,Miedź,4.649,USD,investing_com
2024-10-01,HG=F,Miedź,4.589,USD,investing_com
2024-09-30,HG=F,Miedź,4.553,USD,investing_com
2024-09-27,HG=F,Miedź,4.5995,USD,investing_com
2024-09-26,HG=F,Miedź,4.61,USD,investing_com
2024-09-25,HG=F,Miedź,4.4605,USD,investing_com
2024-09-24,HG=F,Miedź,4.462,USD,investing_com
2024-09-23,HG=F,Miedź,4.3195,USD,investing_com
2024-09-20,HG=F,Miedź,4.316,USD,investing_com
2024-09-19,HG=F,Miedź,4.321,USD,investing_com
2024-09-18,HG=F,Miedź,4.273,USD,investing_com
2024-09-17,HG=F,Miedź,4.2495,USD,investing_com
2024-09-16,HG=F,Miedź,4.2505,USD,investing_com
2024-09-13,HG=F,Miedź,4.213,USD,investing_com
2024-09-12,HG=F,Miedź,4.172,USD,investing_com
2024-09-11,HG=F,Miedź,4.12,USD,investing_com
2024-09-10,HG=F,Miedź,4.0765,USD,investing_com
2024-09-09,HG=F,Miedź,4.123,USD,investing_com
2024-09-06,HG=F,Miedź,4.0525,USD,investing_com
2024-09-05,HG=F,Miedź,4.1155,USD,investing_com
2024-09-04,HG=F,Miedź,4.058,USD,investing_com
2024-09-03,HG=F,Miedź,4.0715,USD,investing_com
2024-09-02,HG=F,Miedź,4.1837,USD,investing_com
2024-09-01,HG=F,Miedź,4.2188,USD,investing_com
2024-08-30,HG=F,Miedź,4.189,USD,investing_com
2024-08-29,HG=F,Miedź,4.1985,USD,investing_com
2024-08-28,HG=F,Miedź,4.1725,USD,investing_com
2024-08-27,HG=F,Miedź,4.2575,USD,investing_com
2024-08-26,HG=F,Miedź,4.235,USD,investing_com
2024-08-23,HG=F,Miedź,4.211,USD,investing_com
2024-08-22,HG=F,Miedź,4.1545,USD,investing_com
2024-08-21,HG=F,Miedź,4.197,USD,investing_com
2024-08-20,HG=F,Miedź,4.168,USD,investing_com
2024-08-19,HG=F,Miedź,4.1885,USD,investing_com
2024-08-16,HG=F,Miedź,4.149,USD,investing_com
2024-08-15,HG=F,Miedź,4.153,USD,investing_com
2024-08-14,HG=F,Miedź,4.046,USD,investing_com
2024-08-13,HG=F,Miedź,4.056,USD,investing_com
2024-08-12,HG=F,Miedź,4.075,USD,investing_com
2024-08-09,HG=F,Miedź,4.002,USD,investing_com
2024-08-08,HG=F,Miedź,3.97,USD,investing_com
2024-08-07,HG=F,Miedź,3.9635,USD,investing_com
2024-08-06,HG=F,Miedź,4.036,USD,investing_com
2024-08-05,HG=F,Miedź,4.0105,USD,investing_com
2024-08-02,HG=F,Miedź,4.115,USD,investing_com
2024-08-01,HG=F,Miedź,4.095,USD,investing_com
2024-07-31,HG=F,Miedź,4.1875,USD,investing_com
2024-07-30,HG=F,Miedź,4.098,USD,investing_com
2024-07-29,HG=F,Miedź,4.0845,USD,investing_com
2024-07-26,HG=F,Miedź,4.124,USD,investing_com
2024-07-25,HG=F,Miedź,4.1255,USD,investing_com
2024-07-24,HG=F,Miedź,4.109,USD,investing_com
2024-07-23,HG=F,Miedź,4.1605,USD,investing_com
2024-07-22,HG=F,Miedź,4.1975,USD,investing_com
2024-07-19,HG=F,Miedź,4.2365,USD,investing_com
2024-07-18,HG=F,Miedź,4.2795,USD,investing_com
2024-07-17,HG=F,Miedź,4.4085,USD,investing_com
2024-07-16,HG=F,Miedź,4.4495,USD,investing_com
2024-07-15,HG=F,Miedź,4.5265,USD,investing_com
2024-07-12,HG=F,Miedź,4.593,USD,investing_com
2024-07-11,HG=F,Miedź,4.5065,USD,investing_com
2024-07-10,HG=F,Miedź,4.6085,USD,investing_com
2024-07-09,HG=F,Miedź,4.5775,USD,investing_com
2024-07-08,HG=F,Miedź,4.618,USD,investing_com
2024-07-05,HG=F,Miedź,4.652,USD,investing_com
2024-07-04,HG=F,Miedź,4.561,USD,investing_com
2024-07-03,HG=F,Miedź,4.5335,USD,investing_com
2024-07-02,HG=F,Miedź,4.419,USD,investing_com
2024-07-01,HG=F,Miedź,4.418,USD,investing_com
2024-06-28,HG=F,Miedź,4.3915,USD,investing_com
2024-06-27,HG=F,Miedź,4.3485,USD,investing_com
2024-06-26,HG=F,Miedź,4.3635,USD,investing_com
2024-06-25,HG=F,Miedź,4.3655,USD,investing_com
2024-06-24,HG=F,Miedź,4.425,USD,investing_com
2024-06-21,HG=F,Miedź,4.4265,USD,investing_com
2024-06-20,HG=F,Miedź,4.521,USD,investing_com
2024-06-19,HG=F,Miedź,4.5023,USD,investing_com
2024-06-18,HG=F,Miedź,4.447,USD,investing_com
2024-06-17,HG=F,Miedź,4.4275,USD,investing_com
2024-06-14,HG=F,Miedź,4.4705,USD,investing_com
2024-06-13,HG=F,Miedź,4.472,USD,investing_com
2024-06-12,HG=F,Miedź,4.555,USD,investing_com
2024-06-11,HG=F,Miedź,4.4935,USD,investing_com
2024-06-10,HG=F,Miedź,4.5395,USD,investing_com
2024-06-07,HG=F,Miedź,4.477,USD,investing_com
2024-06-06,HG=F,Miedź,4.667,USD,investing_com
2024-06-05,HG=F,Miedź,4.5865,USD,investing_com
2024-06-04,HG=F,Miedź,4.5375,USD,investing_com
2024-06-03,HG=F,Miedź,4.6655,USD,investing_com
2024-05-31,HG=F,Miedź,4.6035,USD,investing_com
2024-05-30,HG=F,Miedź,4.6595,USD,investing_com
2024-05-29,HG=F,Miedź,4.791,USD,investing_com
2024-05-28,HG=F,Miedź,4.855,USD,investing_com
2024-05-27,HG=F,Miedź,4.8232,USD,investing_com
2024-05-26,HG=F,Miedź,4.7672,USD,investing_com
2024-05-24,HG=F,Miedź,4.7535,USD,investing_com
2024-05-23,HG=F,Miedź,4.7925,USD,investing_com
2024-05-22,HG=F,Miedź,4.8485,USD,investing_com
2024-05-21,HG=F,Miedź,5.106,USD,investing_com
2024-05-20,HG=F,Miedź,5.079,USD,investing_com
2024-05-17,HG=F,Miedź,5.05,USD,investing_com
2024-05-16,HG=F,Miedź,4.877,USD,investing_com
2024-05-15,HG=F,Miedź,4.9245,USD,investing_com
2024-05-14,HG=F,Miedź,4.895,USD,investing_com
2024-05-13,HG=F,Miedź,4.766,USD,investing_com
2024-05-10,HG=F,Miedź,4.6625,USD,investing_com
2024-05-09,HG=F,Miedź,4.585,USD,investing_com
2024-05-08,HG=F,Miedź,4.5425,USD,investing_com
2024-05-07,HG=F,Miedź,4.6055,USD,investing_com
2024-05-06,HG=F,Miedź,4.615,USD,investing_com
2024-05-03,HG=F,Miedź,4.557,USD,investing_com
2024-05-02,HG=F,Miedź,4.4845,USD,investing_com
2024-05-01,HG=F,Miedź,4.546,USD,investing_com
2024-04-30,HG=F,Miedź,4.5645,USD,investing_com
2024-04-29,HG=F,Miedź,4.6765,USD,investing_com
2024-04-26,HG=F,Miedź,4.569,USD,investing_com
2024-04-25,HG=F,Miedź,4.5315,USD,investing_com
2024-04-24,HG=F,Miedź,4.4765,USD,investing_com
2024-04-23,HG=F,Miedź,4.4495,USD,investing_com
2024-04-22,HG=F,Miedź,4.4935,USD,investing_com
2024-04-19,HG=F,Miedź,4.514,USD,investing_com
2024-04-18,HG=F,Miedź,4.4535,USD,investing_com
2024-04-17,HG=F,Miedź,4.352,USD,investing_com
2024-04-16,HG=F,Miedź,4.3205,USD,investing_com
2024-04-15,HG=F,Miedź,4.3925,USD,investing_com
2024-04-12,HG=F,Miedź,4.276,USD,investing_com
2024-04-11,HG=F,Miedź,4.2665,USD,investing_com
2024-04-10,HG=F,Miedź,4.289,USD,investing_com
2024-04-09,HG=F,Miedź,4.295,USD,investing_com
2024-04-08,HG=F,Miedź,4.288,USD,investing_com
2024-04-05,HG=F,Miedź,4.253,USD,investing_com
2024-04-04,HG=F,Miedź,4.266,USD,investing_com
2024-04-03,HG=F,Miedź,4.211,USD,investing_com
2024-04-02,HG=F,Miedź,4.089,USD,investing_com
2024-04-01,HG=F,Miedź,4.0665,USD,investing_com
2024-03-29,HG=F,Miedź,4.0115,USD,investing_com
2024-03-28,HG=F,Miedź,4.025,USD,investing_com
2024-03-27,HG=F,Miedź,4.0175,USD,investing_com
2024-03-26,HG=F,Miedź,4.0085,USD,investing_com
2024-03-25,HG=F,Miedź,4.016,USD,investing_com
2024-03-22,HG=F,Miedź,4.0075,USD,investing_com
2024-03-21,HG=F,Miedź,4.0585,USD,investing_com
2024-03-20,HG=F,Miedź,4.0515,USD,investing_com
2024-03-19,HG=F,Miedź,4.0745,USD,investing_com
2024-03-18,HG=F,Miedź,4.13,USD,investing_com
2024-03-15,HG=F,Miedź,4.1245,USD,investing_com
2024-03-14,HG=F,Miedź,4.0455,USD,investing_com
2024-03-13,HG=F,Miedź,4.06,USD,investing_com
2024-03-12,HG=F,Miedź,3.932,USD,investing_com
2024-03-11,HG=F,Miedź,3.9285,USD,investing_com
2024-03-08,HG=F,Miedź,3.8915,USD,investing_com
2024-03-07,HG=F,Miedź,3.926,USD,investing_com
2024-03-06,HG=F,Miedź,3.875,USD,investing_com
2024-03-05,HG=F,Miedź,3.847,USD,investing_com
2024-03-04,HG=F,Miedź,3.857,USD,investing_com
2024-03-01,HG=F,Miedź,3.8615,USD,investing_com
2024-02-29,HG=F,Miedź,3.847,USD,investing_com
2024-02-28,HG=F,Miedź,3.8405,USD,investing_com
2024-02-27,HG=F,Miedź,3.841,USD,investing_com
2024-02-26,HG=F,Miedź,3.8255,USD,investing_com
2024-02-23,HG=F,Miedź,3.891,USD,investing_com
2024-02-22,HG=F,Miedź,3.9065,USD,investing_com
2024-02-21,HG=F,Miedź,3.8805,USD,investing_com
2024-02-20,HG=F,Miedź,3.87,USD,investing_com
2024-02-19,HG=F,Miedź,3.811,USD,investing_com
2024-02-18,HG=F,Miedź,3.8167,USD,investing_com
2024-02-16,HG=F,Miedź,3.8435,USD,investing_com
2024-02-15,HG=F,Miedź,3.7635,USD,investing_com
2024-02-14,HG=F,Miedź,3.7075,USD,investing_com
2024-02-13,HG=F,Miedź,3.718,USD,investing_com
2024-02-12,HG=F,Miedź,3.7335,USD,investing_com
2024-02-09,HG=F,Miedź,3.6925,USD,investing_com
2024-02-08,HG=F,Miedź,3.7145,USD,investing_com
2024-02-07,HG=F,Miedź,3.7505,USD,investing_com
2024-02-06,HG=F,Miedź,3.7965,USD,investing_com
2024-02-05,HG=F,Miedź,3.788,USD,investing_com
2024-02-02,HG=F,Miedź,3.836,USD,investing_com
2024-02-01,HG=F,Miedź,3.8665,USD,investing_com
2024-01-31,HG=F,Miedź,3.917,USD,investing_com
2024-01-30,HG=F,Miedź,3.9215,USD,investing_com
2024-01-29,HG=F,Miedź,3.879,USD,investing_com
2024-01-26,HG=F,Miedź,3.852,USD,investing_com
2024-01-25,HG=F,Miedź,3.869,USD,investing_com
2024-01-24,HG=F,Miedź,3.886,USD,investing_com
2024-01-23,HG=F,Miedź,3.7935,USD,investing_com
2024-01-22,HG=F,Miedź,3.7635,USD,investing_com
2024-01-19,HG=F,Miedź,3.7865,USD,investing_com
2024-01-18,HG=F,Miedź,3.745,USD,investing_com
2024-01-17,HG=F,Miedź,3.733,USD,investing_com
2024-01-16,HG=F,Miedź,3.7665,USD,investing_com
2024-01-15,HG=F,Miedź,3.7782,USD,investing_com
2024-01-14,HG=F,Miedź,3.7503,USD,investing_com
2024-01-12,HG=F,Miedź,3.7405,USD,investing_com
2024-01-11,HG=F,Miedź,3.7765,USD,investing_com
2024-01-10,HG=F,Miedź,3.781,USD,investing_com
2024-01-09,HG=F,Miedź,3.7585,USD,investing_com
2024-01-08,HG=F,Miedź,3.81,USD,investing_com
2024-01-05,HG=F,Miedź,3.806,USD,investing_com
2024-01-04,HG=F,Miedź,3.844,USD,investing_com
2024-01-03,HG=F,Miedź,3.8615,USD,investing_com
2024-01-02,HG=F,Miedź,3.8805,USD,investing_com
2024-01-01,HG=F,Miedź,3.8988,USD,investing_com
2023-12-29,HG=F,Miedź,3.8905,USD,investing_com
2023-12-28,HG=F,Miedź,3.9245,USD,investing_com
2023-12-27,HG=F,Miedź,3.953,USD,investing_com
2023-12-26,HG=F,Miedź,3.894,USD,investing_com
2023-12-25,HG=F,Miedź,3.9082,USD,investing_com
2023-12-22,HG=F,Miedź,3.8975,USD,investing_com
2023-12-21,HG=F,Miedź,3.9105,USD,investing_com
2023-12-20,HG=F,Miedź,3.9025,USD,investing_com
2023-12-19,HG=F,Miedź,3.8945,USD,investing_com
2023-12-18,HG=F,Miedź,3.849,USD,investing_com
2023-12-15,HG=F,Miedź,3.8875,USD,investing_com
2023-12-14,HG=F,Miedź,3.89,USD,investing_com
2023-12-13,HG=F,Miedź,3.785,USD,investing_com
2023-12-12,HG=F,Miedź,3.7865,USD,investing_com
2023-12-11,HG=F,Miedź,3.778,USD,investing_com
2023-12-08,HG=F,Miedź,3.824,USD,investing_com
2023-12-07,HG=F,Miedź,3.79,USD,investing_com
2023-12-06,HG=F,Miedź,3.726,USD,investing_com
2023-12-05,HG=F,Miedź,3.776,USD,investing_com
2023-12-04,HG=F,Miedź,3.826,USD,investing_com
2023-12-01,HG=F,Miedź,3.9205,USD,investing_com
2023-11-30,HG=F,Miedź,3.842,USD,investing_com
2023-11-29,HG=F,Miedź,3.816,USD,investing_com
2023-11-28,HG=F,Miedź,3.8185,USD,investing_com
2023-11-27,HG=F,Miedź,3.7745,USD,investing_com
2023-11-24,HG=F,Miedź,3.8055,USD,investing_com
2023-11-23,HG=F,Miedź,3.7743,USD,investing_com
2023-11-22,HG=F,Miedź,3.7815,USD,investing_com
2023-11-21,HG=F,Miedź,3.827,USD,investing_com
2023-11-20,HG=F,Miedź,3.8225,USD,investing_com
2023-11-17,HG=F,Miedź,3.753,USD,investing_com
2023-11-16,HG=F,Miedź,3.7195,USD,investing_com
2023-11-15,HG=F,Miedź,3.736,USD,investing_com
2023-11-14,HG=F,Miedź,3.7025,USD,investing_com
2023-11-13,HG=F,Miedź,3.6835,USD,investing_com
2023-11-10,HG=F,Miedź,3.608,USD,investing_com
2023-11-09,HG=F,Miedź,3.6625,USD,investing_com
2023-11-08,HG=F,Miedź,3.6585,USD,investing_com
2023-11-07,HG=F,Miedź,3.698,USD,investing_com
2023-11-06,HG=F,Miedź,3.7345,USD,investing_com
2023-11-03,HG=F,Miedź,3.697,USD,investing_com
2023-11-02,HG=F,Miedź,3.6875,USD,investing_com
2023-11-01,HG=F,Miedź,3.6655,USD,investing_com
2023-10-31,HG=F,Miedź,3.6635,USD,investing_com
2023-10-30,HG=F,Miedź,3.6735,USD,investing_com
2023-10-27,HG=F,Miedź,3.646,USD,investing_com
2023-10-26,HG=F,Miedź,3.5845,USD,investing_com
2023-10-25,HG=F,Miedź,3.591,USD,investing_com
2023-10-24,HG=F,Miedź,3.624,USD,investing_com
2023-10-23,HG=F,Miedź,3.5865,USD,investing_com
2023-10-20,HG=F,Miedź,3.563,USD,investing_com
2023-10-19,HG=F,Miedź,3.601,USD,investing_com
2023-10-18,HG=F,Miedź,3.587,USD,investing_com
2023-10-17,HG=F,Miedź,3.5785,USD,investing_com
2023-10-16,HG=F,Miedź,3.582,USD,investing_com
2023-10-13,HG=F,Miedź,3.571,USD,investing_com
2023-10-12,HG=F,Miedź,3.591,USD,investing_com
2023-10-11,HG=F,Miedź,3.612,USD,investing_com
2023-10-10,HG=F,Miedź,3.634,USD,investing_com
2023-10-09,HG=F,Miedź,3.646,USD,investing_com
2023-10-06,HG=F,Miedź,3.6275,USD,investing_com
2023-10-05,HG=F,Miedź,3.552,USD,investing_com
2023-10-04,HG=F,Miedź,3.589,USD,investing_com
2023-10-03,HG=F,Miedź,3.621,USD,investing_com
2023-10-02,HG=F,Miedź,3.6415,USD,investing_com
2023-09-29,HG=F,Miedź,3.7375,USD,investing_com
2023-09-28,HG=F,Miedź,3.708,USD,investing_com
2023-09-27,HG=F,Miedź,3.6295,USD,investing_com
2023-09-26,HG=F,Miedź,3.6355,USD,investing_com
2023-09-25,HG=F,Miedź,3.6595,USD,investing_com
2023-09-22,HG=F,Miedź,3.682,USD,investing_com
2023-09-21,HG=F,Miedź,3.6835,USD,investing_com
2023-09-20,HG=F,Miedź,3.762,USD,investing_com
2023-09-19,HG=F,Miedź,3.734,USD,investing_com
2023-09-18,HG=F,Miedź,3.7645,USD,investing_com
2023-09-15,HG=F,Miedź,3.7875,USD,investing_com
2023-09-14,HG=F,Miedź,3.8075,USD,investing_com
2023-09-13,HG=F,Miedź,3.78,USD,investing_com
2023-09-12,HG=F,Miedź,3.7785,USD,investing_com
2023-09-11,HG=F,Miedź,3.7965,USD,investing_com
2023-09-08,HG=F,Miedź,3.7065,USD,investing_com
2023-09-07,HG=F,Miedź,3.752,USD,investing_com
2023-09-06,HG=F,Miedź,3.7755,USD,investing_com
2023-09-05,HG=F,Miedź,3.838,USD,investing_com
2023-09-04,HG=F,Miedź,3.832,USD,investing_com
2023-09-03,HG=F,Miedź,3.855,USD,investing_com
2023-09-01,HG=F,Miedź,3.841,USD,investing_com
2023-08-31,HG=F,Miedź,3.809,USD,investing_com
2023-08-30,HG=F,Miedź,3.831,USD,investing_com
2023-08-29,HG=F,Miedź,3.818,USD,investing_com
2023-08-28,HG=F,Miedź,3.777,USD,investing_com
2023-08-25,HG=F,Miedź,3.774,USD,investing_com
2023-08-24,HG=F,Miedź,3.782,USD,investing_com
2023-08-23,HG=F,Miedź,3.824,USD,investing_com
2023-08-22,HG=F,Miedź,3.7755,USD,investing_com
2023-08-21,HG=F,Miedź,3.7385,USD,investing_com
2023-08-18,HG=F,Miedź,3.726,USD,investing_com
2023-08-17,HG=F,Miedź,3.711,USD,investing_com
2023-08-16,HG=F,Miedź,3.6765,USD,investing_com
2023-08-15,HG=F,Miedź,3.6855,USD,investing_com
2023-08-14,HG=F,Miedź,3.7395,USD,investing_com
2023-08-11,HG=F,Miedź,3.7375,USD,investing_com
2023-08-10,HG=F,Miedź,3.7805,USD,investing_com
2023-08-09,HG=F,Miedź,3.798,USD,investing_com
2023-08-08,HG=F,Miedź,3.782,USD,investing_com
2023-08-07,HG=F,Miedź,3.848,USD,investing_com
2023-08-04,HG=F,Miedź,3.8785,USD,investing_com
2023-08-03,HG=F,Miedź,3.91,USD,investing_com
2023-08-02,HG=F,Miedź,3.8535,USD,investing_com
2023-08-01,HG=F,Miedź,3.9165,USD,investing_com
2023-07-31,HG=F,Miedź,4.014,USD,investing_com
2023-07-28,HG=F,Miedź,3.9355,USD,investing_com
2023-07-27,HG=F,Miedź,3.8755,USD,investing_com
2023-07-26,HG=F,Miedź,3.902,USD,investing_com
2023-07-25,HG=F,Miedź,3.9155,USD,investing_com
2023-07-24,HG=F,Miedź,3.8555,USD,investing_com
2023-07-21,HG=F,Miedź,3.818,USD,investing_com
2023-07-20,HG=F,Miedź,3.8345,USD,investing_com
2023-07-19,HG=F,Miedź,3.814,USD,investing_com
2023-07-18,HG=F,Miedź,3.8295,USD,investing_com
2023-07-17,HG=F,Miedź,3.844,USD,investing_com
2023-07-14,HG=F,Miedź,3.933,USD,investing_com
2023-07-13,HG=F,Miedź,3.94,USD,investing_com
2023-07-12,HG=F,Miedź,3.853,USD,investing_com
2023-07-11,HG=F,Miedź,3.766,USD,investing_com
2023-07-10,HG=F,Miedź,3.7845,USD,investing_com
2023-07-07,HG=F,Miedź,3.782,USD,investing_com
2023-07-06,HG=F,Miedź,3.7345,USD,investing_com
2023-07-05,HG=F,Miedź,3.7685,USD,investing_com
2023-07-04,HG=F,Miedź,3.7843,USD,investing_com
2023-07-03,HG=F,Miedź,3.794,USD,investing_com
2023-06-30,HG=F,Miedź,3.7595,USD,investing_com
2023-06-29,HG=F,Miedź,3.699,USD,investing_com
2023-06-28,HG=F,Miedź,3.736,USD,investing_com
2023-06-27,HG=F,Miedź,3.7795,USD,investing_com
2023-06-26,HG=F,Miedź,3.794,USD,investing_com
2023-06-23,HG=F,Miedź,3.809,USD,investing_com
2023-06-22,HG=F,Miedź,3.896,USD,investing_com
2023-06-21,HG=F,Miedź,3.91,USD,investing_com
2023-06-20,HG=F,Miedź,3.889,USD,investing_com
2023-06-19,HG=F,Miedź,3.8643,USD,investing_com
2023-06-18,HG=F,Miedź,3.8738,USD,investing_com
2023-06-16,HG=F,Miedź,3.8935,USD,investing_com
2023-06-15,HG=F,Miedź,3.9,USD,investing_com
2023-06-14,HG=F,Miedź,3.8725,USD,investing_com
2023-06-13,HG=F,Miedź,3.8355,USD,investing_com
2023-06-12,HG=F,Miedź,3.7595,USD,investing_com
2023-06-09,HG=F,Miedź,3.7945,USD,investing_com
2023-06-08,HG=F,Miedź,3.7995,USD,investing_com
2023-06-07,HG=F,Miedź,3.7605,USD,investing_com
2023-06-06,HG=F,Miedź,3.7745,USD,investing_com
2023-06-05,HG=F,Miedź,3.774,USD,investing_com
2023-06-02,HG=F,Miedź,3.7345,USD,investing_com
2023-06-01,HG=F,Miedź,3.7185,USD,investing_com
2023-05-31,HG=F,Miedź,3.6455,USD,investing_com
2023-05-30,HG=F,Miedź,3.6695,USD,investing_com
2023-05-29,HG=F,Miedź,3.6717,USD,investing_com
2023-05-28,HG=F,Miedź,3.675,USD,investing_com
2023-05-26,HG=F,Miedź,3.682,USD,investing_com
2023-05-25,HG=F,Miedź,3.588,USD,investing_com
2023-05-24,HG=F,Miedź,3.5615,USD,investing_com
2023-05-23,HG=F,Miedź,3.6545,USD,investing_com
2023-05-22,HG=F,Miedź,3.685,USD,investing_com
2023-05-19,HG=F,Miedź,3.732,USD,investing_com
2023-05-18,HG=F,Miedź,3.6895,USD,investing_com
2023-05-17,HG=F,Miedź,3.7545,USD,investing_com
2023-05-16,HG=F,Miedź,3.667,USD,investing_com
2023-05-15,HG=F,Miedź,3.751,USD,investing_com
2023-05-12,HG=F,Miedź,3.7285,USD,investing_com
2023-05-11,HG=F,Miedź,3.71,USD,investing_com
2023-05-10,HG=F,Miedź,3.841,USD,investing_com
2023-05-09,HG=F,Miedź,3.9015,USD,investing_com
2023-05-08,HG=F,Miedź,3.9295,USD,investing_com
2023-05-05,HG=F,Miedź,3.883,USD,investing_com
2023-05-04,HG=F,Miedź,3.863,USD,investing_com
2023-05-03,HG=F,Miedź,3.845,USD,investing_com
2023-05-02,HG=F,Miedź,3.8625,USD,investing_com
2023-05-01,HG=F,Miedź,3.934,USD,investing_com
2023-04-28,HG=F,Miedź,3.8905,USD,investing_com
2023-04-27,HG=F,Miedź,3.884,USD,investing_com
2023-04-26,HG=F,Miedź,3.8605,USD,investing_com
2023-04-25,HG=F,Miedź,3.8585,USD,investing_com
2023-04-24,HG=F,Miedź,3.961,USD,investing_com
2023-04-21,HG=F,Miedź,3.983,USD,investing_com
2023-04-20,HG=F,Miedź,4.0295,USD,investing_com
2023-04-19,HG=F,Miedź,4.079,USD,investing_com
2023-04-18,HG=F,Miedź,4.094,USD,investing_com
2023-04-17,HG=F,Miedź,4.0675,USD,investing_com
2023-04-14,HG=F,Miedź,4.1035,USD,investing_com
2023-04-13,HG=F,Miedź,4.119,USD,investing_com
2023-04-12,HG=F,Miedź,4.0805,USD,investing_com
2023-04-11,HG=F,Miedź,4.0225,USD,investing_com
2023-04-10,HG=F,Miedź,3.9795,USD,investing_com
2023-04-06,HG=F,Miedź,4.0175,USD,investing_com
2023-04-05,HG=F,Miedź,3.989,USD,investing_com
2023-04-04,HG=F,Miedź,3.975,USD,investing_com
2023-04-03,HG=F,Miedź,4.0495,USD,investing_com
2023-03-31,HG=F,Miedź,4.0985,USD,investing_com
2023-03-30,HG=F,Miedź,4.0955,USD,investing_com
2023-03-29,HG=F,Miedź,4.0865,USD,investing_com
2023-03-28,HG=F,Miedź,4.0855,USD,investing_com
2023-03-27,HG=F,Miedź,4.0785,USD,investing_com
2023-03-24,HG=F,Miedź,4.075,USD,investing_com
2023-03-23,HG=F,Miedź,4.1235,USD,investing_com
2023-03-22,HG=F,Miedź,4.0445,USD,investing_com
2023-03-21,HG=F,Miedź,3.994,USD,investing_com
2023-03-20,HG=F,Miedź,3.9515,USD,investing_com
2023-03-17,HG=F,Miedź,3.8925,USD,investing_com
2023-03-16,HG=F,Miedź,3.8645,USD,investing_com
2023-03-15,HG=F,Miedź,3.843,USD,investing_com
2023-03-14,HG=F,Miedź,4.003,USD,investing_com
2023-03-13,HG=F,Miedź,4.0535,USD,investing_com
2023-03-10,HG=F,Miedź,4.0305,USD,investing_com
2023-03-09,HG=F,Miedź,4.039,USD,investing_com
2023-03-08,HG=F,Miedź,4.027,USD,investing_com
2023-03-07,HG=F,Miedź,3.975,USD,investing_com
2023-03-06,HG=F,Miedź,4.0885,USD,investing_com
2023-03-03,HG=F,Miedź,4.067,USD,investing_com
2023-03-02,HG=F,Miedź,4.076,USD,investing_com
2023-03-01,HG=F,Miedź,4.16,USD,investing_com
2023-02-28,HG=F,Miedź,4.0895,USD,investing_com
2023-02-27,HG=F,Miedź,4.011,USD,investing_com
2023-02-24,HG=F,Miedź,3.9545,USD,investing_com
2023-02-23,HG=F,Miedź,4.0555,USD,investing_com
2023-02-22,HG=F,Miedź,4.186,USD,investing_com
2023-02-21,HG=F,Miedź,4.2165,USD,investing_com
2023-02-20,HG=F,Miedź,4.1807,USD,investing_com
2023-02-19,HG=F,Miedź,4.1195,USD,investing_com
2023-02-17,HG=F,Miedź,4.106,USD,investing_com
2023-02-16,HG=F,Miedź,4.125,USD,investing_com
2023-02-15,HG=F,Miedź,4.0165,USD,investing_com
2023-02-14,HG=F,Miedź,4.0835,USD,investing_com
2023-02-13,HG=F,Miedź,4.0655,USD,investing_com
2023-02-10,HG=F,Miedź,4.0245,USD,investing_com
2023-02-09,HG=F,Miedź,4.103,USD,investing_com
2023-02-08,HG=F,Miedź,4.043,USD,investing_com
2023-02-07,HG=F,Miedź,4.088,USD,investing_com
2023-02-06,HG=F,Miedź,4.043,USD,investing_com
2023-02-03,HG=F,Miedź,4.0635,USD,investing_com
2023-02-02,HG=F,Miedź,4.098,USD,investing_com
2023-02-01,HG=F,Miedź,4.117,USD,investing_com
2023-01-31,HG=F,Miedź,4.2295,USD,investing_com
2023-01-30,HG=F,Miedź,4.2065,USD,investing_com
2023-01-27,HG=F,Miedź,4.2225,USD,investing_com
2023-01-26,HG=F,Miedź,4.2675,USD,investing_com
2023-01-25,HG=F,Miedź,4.2445,USD,investing_com
2023-01-24,HG=F,Miedź,4.2485,USD,investing_com
2023-01-23,HG=F,Miedź,4.2565,USD,investing_com
2023-01-20,HG=F,Miedź,4.2515,USD,investing_com
2023-01-19,HG=F,Miedź,4.2315,USD,investing_com
2023-01-18,HG=F,Miedź,4.2345,USD,investing_com
2023-01-17,HG=F,Miedź,4.223,USD,investing_com
2023-01-16,HG=F,Miedź,4.1433,USD,investing_com
2023-01-15,HG=F,Miedź,4.206,USD,investing_com
2023-01-13,HG=F,Miedź,4.216,USD,investing_com
2023-01-12,HG=F,Miedź,4.1965,USD,investing_com
2023-01-11,HG=F,Miedź,4.166,USD,investing_com
2023-01-10,HG=F,Miedź,4.0775,USD,investing_com
2023-01-09,HG=F,Miedź,4.0265,USD,investing_com
2023-01-06,HG=F,Miedź,3.911,USD,investing_com
2023-01-05,HG=F,Miedź,3.821,USD,investing_com
2023-01-04,HG=F,Miedź,3.7405,USD,investing_com
2023-01-03,HG=F,Miedź,3.7665,USD,investing_com
2023-01-02,HG=F,Miedź,3.8403,USD,investing_com
2022-12-30,HG=F,Miedź,3.8105,USD,investing_com
2022-12-29,HG=F,Miedź,3.824,USD,investing_com
2022-12-28,HG=F,Miedź,3.842,USD,investing_com
2022-12-27,HG=F,Miedź,3.84,USD,investing_com
2022-12-26,HG=F,Miedź,3.8575,USD,investing_com
2022-12-23,HG=F,Miedź,3.8085,USD,investing_com
2022-12-22,HG=F,Miedź,3.7575,USD,investing_com
2022-12-21,HG=F,Miedź,3.811,USD,investing_com
2022-12-20,HG=F,Miedź,3.7995,USD,investing_com
2022-12-19,HG=F,Miedź,3.7845,USD,investing_com
2022-12-16,HG=F,Miedź,3.763,USD,investing_com
2022-12-15,HG=F,Miedź,3.7645,USD,investing_com
2022-12-14,HG=F,Miedź,3.8785,USD,investing_com
2022-12-13,HG=F,Miedź,3.8425,USD,investing_com
2022-12-12,HG=F,Miedź,3.8015,USD,investing_com
2022-12-09,HG=F,Miedź,3.8795,USD,investing_com
2022-12-08,HG=F,Miedź,3.885,USD,investing_com
2022-12-07,HG=F,Miedź,3.861,USD,investing_com
2022-12-06,HG=F,Miedź,3.818,USD,investing_com
2022-12-05,HG=F,Miedź,3.795,USD,investing_com
2022-12-02,HG=F,Miedź,3.852,USD,investing_com
2022-12-01,HG=F,Miedź,3.819,USD,investing_com
2022-11-30,HG=F,Miedź,3.7395,USD,investing_com
2022-11-29,HG=F,Miedź,3.6405,USD,investing_com
2022-11-28,HG=F,Miedź,3.616,USD,investing_com
2022-11-25,HG=F,Miedź,3.6325,USD,investing_com
2022-11-24,HG=F,Miedź,3.6395,USD,investing_com
2022-11-23,HG=F,Miedź,3.621,USD,investing_com
2022-11-22,HG=F,Miedź,3.6175,USD,investing_com
2022-11-21,HG=F,Miedź,3.577,USD,investing_com
2022-11-18,HG=F,Miedź,3.6395,USD,investing_com
2022-11-17,HG=F,Miedź,3.693,USD,investing_com
2022-11-16,HG=F,Miedź,3.7755,USD,investing_com
2022-11-15,HG=F,Miedź,3.8215,USD,investing_com
2022-11-14,HG=F,Miedź,3.835,USD,investing_com
2022-11-11,HG=F,Miedź,3.9125,USD,investing_com
2022-11-10,HG=F,Miedź,3.758,USD,investing_com
2022-11-09,HG=F,Miedź,3.7005,USD,investing_com
2022-11-08,HG=F,Miedź,3.684,USD,investing_com
2022-11-07,HG=F,Miedź,3.607,USD,investing_com
2022-11-04,HG=F,Miedź,3.684,USD,investing_com
2022-11-03,HG=F,Miedź,3.4275,USD,investing_com
2022-11-02,HG=F,Miedź,3.4655,USD,investing_com
2022-11-01,HG=F,Miedź,3.4685,USD,investing_com
2022-10-31,HG=F,Miedź,3.372,USD,investing_com
2022-10-28,HG=F,Miedź,3.426,USD,investing_com
2022-10-27,HG=F,Miedź,3.5195,USD,investing_com
2022-10-26,HG=F,Miedź,3.545,USD,investing_com
2022-10-25,HG=F,Miedź,3.397,USD,investing_com
2022-10-24,HG=F,Miedź,3.4305,USD,investing_com
2022-10-21,HG=F,Miedź,3.4745,USD,investing_com
2022-10-20,HG=F,Miedź,3.4105,USD,investing_com
2022-10-19,HG=F,Miedź,3.318,USD,investing_com
2022-10-18,HG=F,Miedź,3.362,USD,investing_com
2022-10-17,HG=F,Miedź,3.4155,USD,investing_com
2022-10-14,HG=F,Miedź,3.4235,USD,investing_com
2022-10-13,HG=F,Miedź,3.4405,USD,investing_com
2022-10-12,HG=F,Miedź,3.425,USD,investing_com
2022-10-11,HG=F,Miedź,3.462,USD,investing_com
2022-10-10,HG=F,Miedź,3.4305,USD,investing_com
2022-10-07,HG=F,Miedź,3.3865,USD,investing_com
2022-10-06,HG=F,Miedź,3.446,USD,investing_com
2022-10-05,HG=F,Miedź,3.5005,USD,investing_com
2022-10-04,HG=F,Miedź,3.49,USD,investing_com
2022-10-03,HG=F,Miedź,3.41,USD,investing_com
2022-09-30,HG=F,Miedź,3.4125,USD,investing_com
2022-09-29,HG=F,Miedź,3.418,USD,investing_com
2022-09-28,HG=F,Miedź,3.3725,USD,investing_com
2022-09-27,HG=F,Miedź,3.295,USD,investing_com
2022-09-26,HG=F,Miedź,3.305,USD,investing_com
2022-09-23,HG=F,Miedź,3.357,USD,investing_com
2022-09-22,HG=F,Miedź,3.482,USD,investing_com
2022-09-21,HG=F,Miedź,3.4805,USD,investing_com
2022-09-20,HG=F,Miedź,3.516,USD,investing_com
2022-09-19,HG=F,Miedź,3.5255,USD,investing_com
2022-09-16,HG=F,Miedź,3.531,USD,investing_com
2022-09-15,HG=F,Miedź,3.501,USD,investing_com
2022-09-14,HG=F,Miedź,3.5295,USD,investing_com
2022-09-13,HG=F,Miedź,3.566,USD,investing_com
2022-09-12,HG=F,Miedź,3.6155,USD,investing_com
2022-09-09,HG=F,Miedź,3.573,USD,investing_com
2022-09-08,HG=F,Miedź,3.5305,USD,investing_com
2022-09-07,HG=F,Miedź,3.434,USD,investing_com
2022-09-06,HG=F,Miedź,3.4645,USD,investing_com
2022-09-05,HG=F,Miedź,3.4535,USD,investing_com
2022-09-04,HG=F,Miedź,3.3887,USD,investing_com
2022-09-02,HG=F,Miedź,3.417,USD,investing_com
2022-09-01,HG=F,Miedź,3.4085,USD,investing_com
2022-08-31,HG=F,Miedź,3.519,USD,investing_com
2022-08-30,HG=F,Miedź,3.5495,USD,investing_com
2022-08-29,HG=F,Miedź,3.6085,USD,investing_com
2022-08-26,HG=F,Miedź,3.697,USD,investing_com
2022-08-25,HG=F,Miedź,3.6985,USD,investing_com
2022-08-24,HG=F,Miedź,3.648,USD,investing_com
2022-08-23,HG=F,Miedź,3.696,USD,investing_com
2022-08-22,HG=F,Miedź,3.653,USD,investing_com
2022-08-19,HG=F,Miedź,3.6685,USD,investing_com
2022-08-18,HG=F,Miedź,3.6335,USD,investing_com
2022-08-17,HG=F,Miedź,3.587,USD,investing_com
2022-08-16,HG=F,Miedź,3.6265,USD,investing_com
2022-08-15,HG=F,Miedź,3.6215,USD,investing_com
2022-08-12,HG=F,Miedź,3.6735,USD,investing_com
2022-08-11,HG=F,Miedź,3.7115,USD,investing_com
2022-08-10,HG=F,Miedź,3.6555,USD,investing_com
2022-08-09,HG=F,Miedź,3.5925,USD,investing_com
2022-08-08,HG=F,Miedź,3.593,USD,investing_com
2022-08-05,HG=F,Miedź,3.559,USD,investing_com
2022-08-04,HG=F,Miedź,3.488,USD,investing_com
2022-08-03,HG=F,Miedź,3.472,USD,investing_com
2022-08-02,HG=F,Miedź,3.5225,USD,investing_com
2022-08-01,HG=F,Miedź,3.547,USD,investing_com
2022-07-29,HG=F,Miedź,3.575,USD,investing_com
2022-07-28,HG=F,Miedź,3.481,USD,investing_com
2022-07-27,HG=F,Miedź,3.43,USD,investing_com
2022-07-26,HG=F,Miedź,3.3845,USD,investing_com
2022-07-25,HG=F,Miedź,3.3545,USD,investing_com
2022-07-22,HG=F,Miedź,3.3495,USD,investing_com
2022-07-21,HG=F,Miedź,3.2985,USD,investing_com
2022-07-20,HG=F,Miedź,3.325,USD,investing_com
2022-07-19,HG=F,Miedź,3.291,USD,investing_com
2022-07-18,HG=F,Miedź,3.346,USD,investing_com
2022-07-15,HG=F,Miedź,3.234,USD,investing_com
2022-07-14,HG=F,Miedź,3.2115,USD,investing_com
2022-07-13,HG=F,Miedź,3.3225,USD,investing_com
2022-07-12,HG=F,Miedź,3.288,USD,investing_com
2022-07-11,HG=F,Miedź,3.4305,USD,investing_com
2022-07-08,HG=F,Miedź,3.522,USD,investing_com
2022-07-07,HG=F,Miedź,3.572,USD,investing_com
2022-07-06,HG=F,Miedź,3.408,USD,investing_com
2022-07-05,HG=F,Miedź,3.415,USD,investing_com
2022-07-04,HG=F,Miedź,3.584,USD,investing_com
2022-07-03,HG=F,Miedź,3.6115,USD,investing_com
2022-07-01,HG=F,Miedź,3.604,USD,investing_com
2022-06-30,HG=F,Miedź,3.71,USD,investing_com
2022-06-29,HG=F,Miedź,3.7805,USD,investing_com
2022-06-28,HG=F,Miedź,3.7785,USD,investing_com
2022-06-27,HG=F,Miedź,3.764,USD,investing_com
2022-06-24,HG=F,Miedź,3.744,USD,investing_com
2022-06-23,HG=F,Miedź,3.7425,USD,investing_com
2022-06-22,HG=F,Miedź,3.947,USD,investing_com
2022-06-21,HG=F,Miedź,4.0445,USD,investing_com
2022-06-20,HG=F,Miedź,4.011,USD,investing_com
2022-06-19,HG=F,Miedź,4.0375,USD,investing_com
2022-06-17,HG=F,Miedź,4.022,USD,investing_com
2022-06-16,HG=F,Miedź,4.118,USD,investing_com
2022-06-15,HG=F,Miedź,4.1735,USD,investing_com
2022-06-14,HG=F,Miedź,4.1665,USD,investing_com
2022-06-13,HG=F,Miedź,4.2195,USD,investing_com
2022-06-10,HG=F,Miedź,4.3025,USD,investing_com
2022-06-09,HG=F,Miedź,4.386,USD,investing_com
2022-06-08,HG=F,Miedź,4.4545,USD,investing_com
2022-06-07,HG=F,Miedź,4.4395,USD,investing_com
2022-06-06,HG=F,Miedź,4.439,USD,investing_com
2022-06-03,HG=F,Miedź,4.4765,USD,investing_com
2022-06-02,HG=F,Miedź,4.555,USD,investing_com
2022-06-01,HG=F,Miedź,4.3295,USD,investing_com
2022-05-31,HG=F,Miedź,4.299,USD,investing_com
2022-05-30,HG=F,Miedź,4.334,USD,investing_com
2022-05-29,HG=F,Miedź,4.3232,USD,investing_com
2022-05-27,HG=F,Miedź,4.3065,USD,investing_com
2022-05-26,HG=F,Miedź,4.259,USD,investing_com
2022-05-25,HG=F,Miedź,4.2545,USD,investing_com
2022-05-24,HG=F,Miedź,4.305,USD,investing_com
2022-05-23,HG=F,Miedź,4.3455,USD,investing_com
2022-05-20,HG=F,Miedź,4.275,USD,investing_com
2022-05-19,HG=F,Miedź,4.283,USD,investing_com
2022-05-18,HG=F,Miedź,4.1785,USD,investing_com
2022-05-17,HG=F,Miedź,4.239,USD,investing_com
2022-05-16,HG=F,Miedź,4.1915,USD,investing_com
2022-05-13,HG=F,Miedź,4.175,USD,investing_com
2022-05-12,HG=F,Miedź,4.1005,USD,investing_com
2022-05-11,HG=F,Miedź,4.209,USD,investing_com
2022-05-10,HG=F,Miedź,4.1545,USD,investing_com
2022-05-09,HG=F,Miedź,4.1935,USD,investing_com
2022-05-06,HG=F,Miedź,4.267,USD,investing_com
2022-05-05,HG=F,Miedź,4.2915,USD,investing_com
2022-05-04,HG=F,Miedź,4.338,USD,investing_com
2022-05-03,HG=F,Miedź,4.283,USD,investing_com
2022-05-02,HG=F,Miedź,4.268,USD,investing_com
2022-04-29,HG=F,Miedź,4.4085,USD,investing_com
2022-04-28,HG=F,Miedź,4.4335,USD,investing_com
2022-04-27,HG=F,Miedź,4.467,USD,investing_com
2022-04-26,HG=F,Miedź,4.4535,USD,investing_com
2022-04-25,HG=F,Miedź,4.462,USD,investing_com
2022-04-22,HG=F,Miedź,4.5925,USD,investing_com
2022-04-21,HG=F,Miedź,4.7135,USD,investing_com
2022-04-20,HG=F,Miedź,4.6645,USD,investing_com
2022-04-19,HG=F,Miedź,4.7295,USD,investing_com
2022-04-18,HG=F,Miedź,4.812,USD,investing_com
2022-04-15,HG=F,Miedź,4.7205,USD,investing_com
2022-04-14,HG=F,Miedź,4.732,USD,investing_com
2022-04-13,HG=F,Miedź,4.7215,USD,investing_com
2022-04-12,HG=F,Miedź,4.7195,USD,investing_com
2022-04-11,HG=F,Miedź,4.641,USD,investing_com
2022-04-08,HG=F,Miedź,4.7315,USD,investing_com
2022-04-07,HG=F,Miedź,4.704,USD,investing_com
2022-04-06,HG=F,Miedź,4.741,USD,investing_com
2022-04-05,HG=F,Miedź,4.7965,USD,investing_com
2022-04-04,HG=F,Miedź,4.7825,USD,investing_com
2022-04-01,HG=F,Miedź,4.6905,USD,investing_com
2022-03-31,HG=F,Miedź,4.752,USD,investing_com
2022-03-30,HG=F,Miedź,4.7525,USD,investing_com
2022-03-29,HG=F,Miedź,4.731,USD,investing_com
2022-03-28,HG=F,Miedź,4.7255,USD,investing_com
2022-03-25,HG=F,Miedź,4.6985,USD,investing_com
2022-03-24,HG=F,Miedź,4.7425,USD,investing_com
2022-03-23,HG=F,Miedź,4.7765,USD,investing_com
2022-03-22,HG=F,Miedź,4.7,USD,investing_com
2022-03-21,HG=F,Miedź,4.7105,USD,investing_com
2022-03-18,HG=F,Miedź,4.7395,USD,investing_com
2022-03-17,HG=F,Miedź,4.702,USD,investing_com
2022-03-16,HG=F,Miedź,4.6005,USD,investing_com
2022-03-15,HG=F,Miedź,4.513,USD,investing_com
2022-03-14,HG=F,Miedź,4.523,USD,investing_com
2022-03-11,HG=F,Miedź,4.6255,USD,investing_com
2022-03-10,HG=F,Miedź,4.6525,USD,investing_com
2022-03-09,HG=F,Miedź,4.5725,USD,investing_com
2022-03-08,HG=F,Miedź,4.71,USD,investing_com
2022-03-07,HG=F,Miedź,4.731,USD,investing_com
2022-03-04,HG=F,Miedź,4.9375,USD,investing_com
2022-03-03,HG=F,Miedź,4.7815,USD,investing_com
2022-03-02,HG=F,Miedź,4.6655,USD,investing_com
2022-03-01,HG=F,Miedź,4.5965,USD,investing_com
2022-02-28,HG=F,Miedź,4.4545,USD,investing_com
2022-02-25,HG=F,Miedź,4.485,USD,investing_com
2022-02-24,HG=F,Miedź,4.458,USD,investing_com
2022-02-23,HG=F,Miedź,4.4855,USD,investing_com
2022-02-22,HG=F,Miedź,4.5145,USD,investing_com
2022-02-21,HG=F,Miedź,4.4805,USD,investing_com
2022-02-20,HG=F,Miedź,4.5205,USD,investing_com
2022-02-18,HG=F,Miedź,4.524,USD,investing_com
2022-02-17,HG=F,Miedź,4.5265,USD,investing_com
2022-02-16,HG=F,Miedź,4.5395,USD,investing_com
2022-02-15,HG=F,Miedź,4.5345,USD,investing_com
2022-02-14,HG=F,Miedź,4.507,USD,investing_com
2022-02-11,HG=F,Miedź,4.5085,USD,investing_com
2022-02-10,HG=F,Miedź,4.658,USD,investing_com
2022-02-09,HG=F,Miedź,4.602,USD,investing_com
2022-02-08,HG=F,Miedź,4.4645,USD,investing_com
2022-02-07,HG=F,Miedź,4.4675,USD,investing_com
2022-02-04,HG=F,Miedź,4.49,USD,investing_com
2022-02-03,HG=F,Miedź,4.472,USD,investing_com
2022-02-02,HG=F,Miedź,4.4935,USD,investing_com
2022-02-01,HG=F,Miedź,4.4315,USD,investing_com
2022-01-31,HG=F,Miedź,4.3265,USD,investing_com
2022-01-28,HG=F,Miedź,4.3125,USD,investing_com
2022-01-27,HG=F,Miedź,4.4235,USD,investing_com
2022-01-26,HG=F,Miedź,4.515,USD,investing_com
2022-01-25,HG=F,Miedź,4.45,USD,investing_com
2022-01-24,HG=F,Miedź,4.4125,USD,investing_com
2022-01-21,HG=F,Miedź,4.524,USD,investing_com
2022-01-20,HG=F,Miedź,4.5825,USD,investing_com
2022-01-19,HG=F,Miedź,4.47,USD,investing_com
2022-01-18,HG=F,Miedź,4.3825,USD,investing_com
2022-01-17,HG=F,Miedź,4.4335,USD,investing_com
2022-01-16,HG=F,Miedź,4.4435,USD,investing_com
2022-01-14,HG=F,Miedź,4.4205,USD,investing_com
2022-01-13,HG=F,Miedź,4.546,USD,investing_com
2022-01-12,HG=F,Miedź,4.5765,USD,investing_com
2022-01-11,HG=F,Miedź,4.429,USD,investing_com
2022-01-10,HG=F,Miedź,4.352,USD,investing_com
2022-01-07,HG=F,Miedź,4.41,USD,investing_com
2022-01-06,HG=F,Miedź,4.3545,USD,investing_com
2022-01-05,HG=F,Miedź,4.4135,USD,investing_com
2022-01-04,HG=F,Miedź,4.475,USD,investing_com
2022-01-03,HG=F,Miedź,4.4215,USD,investing_com
2021-12-31,HG=F,Miedź,4.4635,USD,investing_com
2021-12-30,HG=F,Miedź,4.3925,USD,investing_com
2021-12-29,HG=F,Miedź,4.41,USD,investing_com
2021-12-28,HG=F,Miedź,4.4295,USD,investing_com
2021-12-27,HG=F,Miedź,4.4695,USD,investing_com
2021-12-24,HG=F,Miedź,4.405,USD,investing_com
2021-12-23,HG=F,Miedź,4.3895,USD,investing_com
2021-12-22,HG=F,Miedź,4.389,USD,investing_com
2021-12-21,HG=F,Miedź,4.3425,USD,investing_com
2021-12-20,HG=F,Miedź,4.29,USD,investing_com
2021-12-17,HG=F,Miedź,4.2925,USD,investing_com
2021-12-16,HG=F,Miedź,4.3025,USD,investing_com
2021-12-15,HG=F,Miedź,4.1805,USD,investing_com
2021-12-14,HG=F,Miedź,4.255,USD,investing_com
2021-12-13,HG=F,Miedź,4.2815,USD,investing_com
2021-12-10,HG=F,Miedź,4.285,USD,investing_com
2021-12-09,HG=F,Miedź,4.332,USD,investing_com
2021-12-08,HG=F,Miedź,4.3925,USD,investing_com
2021-12-07,HG=F,Miedź,4.339,USD,investing_com
2021-12-06,HG=F,Miedź,4.3375,USD,investing_com
2021-12-03,HG=F,Miedź,4.266,USD,investing_com
2021-12-02,HG=F,Miedź,4.2995,USD,investing_com
2021-12-01,HG=F,Miedź,4.247,USD,investing_com
2021-11-30,HG=F,Miedź,4.2805,USD,investing_com
2021-11-29,HG=F,Miedź,4.3415,USD,investing_com
2021-11-26,HG=F,Miedź,4.2875,USD,investing_com
2021-11-25,HG=F,Miedź,4.44,USD,investing_com
2021-11-24,HG=F,Miedź,4.4645,USD,investing_com
2021-11-23,HG=F,Miedź,4.4235,USD,investing_com
2021-11-22,HG=F,Miedź,4.3975,USD,investing_com
2021-11-19,HG=F,Miedź,4.4,USD,investing_com
2021-11-18,HG=F,Miedź,4.305,USD,investing_com
2021-11-17,HG=F,Miedź,4.268,USD,investing_com
2021-11-16,HG=F,Miedź,4.3545,USD,investing_com
2021-11-15,HG=F,Miedź,4.4005,USD,investing_com
2021-11-12,HG=F,Miedź,4.447,USD,investing_com
2021-11-11,HG=F,Miedź,4.398,USD,investing_com
2021-11-10,HG=F,Miedź,4.323,USD,investing_com
2021-11-09,HG=F,Miedź,4.3725,USD,investing_com
2021-11-08,HG=F,Miedź,4.3945,USD,investing_com
2021-11-05,HG=F,Miedź,4.3355,USD,investing_com
2021-11-04,HG=F,Miedź,4.309,USD,investing_com
2021-11-03,HG=F,Miedź,4.309,USD,investing_com
2021-11-02,HG=F,Miedź,4.3515,USD,investing_com
2021-11-01,HG=F,Miedź,4.379,USD,investing_com
2021-10-29,HG=F,Miedź,4.359,USD,investing_com
2021-10-28,HG=F,Miedź,4.4275,USD,investing_com
2021-10-27,HG=F,Miedź,4.3895,USD,investing_com
2021-10-26,HG=F,Miedź,4.486,USD,investing_com
2021-10-25,HG=F,Miedź,4.528,USD,investing_com
2021-10-22,HG=F,Miedź,4.498,USD,investing_com
2021-10-21,HG=F,Miedź,4.5585,USD,investing_com
2021-10-20,HG=F,Miedź,4.7345,USD,investing_com
2021-10-19,HG=F,Miedź,4.703,USD,investing_com
2021-10-18,HG=F,Miedź,4.7255,USD,investing_com
2021-10-15,HG=F,Miedź,4.7295,USD,investing_com
2021-10-14,HG=F,Miedź,4.6315,USD,investing_com
2021-10-13,HG=F,Miedź,4.516,USD,investing_com
2021-10-12,HG=F,Miedź,4.3255,USD,investing_com
2021-10-11,HG=F,Miedź,4.3665,USD,investing_com
2021-10-08,HG=F,Miedź,4.2755,USD,investing_com
2021-10-07,HG=F,Miedź,4.2435,USD,investing_com
2021-10-06,HG=F,Miedź,4.1475,USD,investing_com
2021-10-05,HG=F,Miedź,4.1925,USD,investing_com
2021-10-04,HG=F,Miedź,4.2385,USD,investing_com
2021-10-01,HG=F,Miedź,4.1885,USD,investing_com
2021-09-30,HG=F,Miedź,4.089,USD,investing_com
2021-09-29,HG=F,Miedź,4.199,USD,investing_com
2021-09-28,HG=F,Miedź,4.2485,USD,investing_com
2021-09-27,HG=F,Miedź,4.291,USD,investing_com
2021-09-24,HG=F,Miedź,4.2845,USD,investing_com
2021-09-23,HG=F,Miedź,4.231,USD,investing_com
2021-09-22,HG=F,Miedź,4.252,USD,investing_com
2021-09-21,HG=F,Miedź,4.126,USD,investing_com
2021-09-20,HG=F,Miedź,4.1135,USD,investing_com
2021-09-17,HG=F,Miedź,4.2445,USD,investing_com
2021-09-16,HG=F,Miedź,4.28,USD,investing_com
2021-09-15,HG=F,Miedź,4.404,USD,investing_com
2021-09-14,HG=F,Miedź,4.319,USD,investing_com
2021-09-13,HG=F,Miedź,4.365,USD,investing_com
2021-09-10,HG=F,Miedź,4.45,USD,investing_com
2021-09-09,HG=F,Miedź,4.284,USD,investing_com
2021-09-08,HG=F,Miedź,4.2325,USD,investing_com
2021-09-07,HG=F,Miedź,4.2795,USD,investing_com
2021-09-06,HG=F,Miedź,4.332,USD,investing_com
2021-09-05,HG=F,Miedź,4.3325,USD,investing_com
2021-09-03,HG=F,Miedź,4.331,USD,investing_com
2021-09-02,HG=F,Miedź,4.2995,USD,investing_com
2021-09-01,HG=F,Miedź,4.274,USD,investing_com
2021-08-31,HG=F,Miedź,4.37,USD,investing_com
2021-08-30,HG=F,Miedź,4.371,USD,investing_com
2021-08-27,HG=F,Miedź,4.3235,USD,investing_com
2021-08-26,HG=F,Miedź,4.252,USD,investing_com
2021-08-25,HG=F,Miedź,4.27,USD,investing_com
2021-08-24,HG=F,Miedź,4.26,USD,investing_com
2021-08-23,HG=F,Miedź,4.221,USD,investing_com
2021-08-20,HG=F,Miedź,4.1255,USD,investing_com
2021-08-19,HG=F,Miedź,4.0405,USD,investing_com
2021-08-18,HG=F,Miedź,4.117,USD,investing_com
2021-08-17,HG=F,Miedź,4.2015,USD,investing_com
2021-08-16,HG=F,Miedź,4.32,USD,investing_com
2021-08-13,HG=F,Miedź,4.3825,USD,investing_com
2021-08-12,HG=F,Miedź,4.35,USD,investing_com
2021-08-11,HG=F,Miedź,4.36,USD,investing_com
2021-08-10,HG=F,Miedź,4.346,USD,investing_com
2021-08-09,HG=F,Miedź,4.282,USD,investing_com
2021-08-06,HG=F,Miedź,4.339,USD,investing_com
2021-08-05,HG=F,Miedź,4.334,USD,investing_com
2021-08-04,HG=F,Miedź,4.3215,USD,investing_com
2021-08-03,HG=F,Miedź,4.3755,USD,investing_com
2021-08-02,HG=F,Miedź,4.418,USD,investing_com
2021-07-30,HG=F,Miedź,4.4655,USD,investing_com
2021-07-29,HG=F,Miedź,4.5075,USD,investing_com
2021-07-28,HG=F,Miedź,4.482,USD,investing_com
2021-07-27,HG=F,Miedź,4.5445,USD,investing_com
2021-07-26,HG=F,Miedź,4.585,USD,investing_com
2021-07-23,HG=F,Miedź,4.4,USD,investing_com
2021-07-22,HG=F,Miedź,4.3375,USD,investing_com
2021-07-21,HG=F,Miedź,4.272,USD,investing_com
2021-07-20,HG=F,Miedź,4.263,USD,investing_com
2021-07-19,HG=F,Miedź,4.2015,USD,investing_com
2021-07-16,HG=F,Miedź,4.323,USD,investing_com
2021-07-15,HG=F,Miedź,4.323,USD,investing_com
2021-07-14,HG=F,Miedź,4.2675,USD,investing_com
2021-07-13,HG=F,Miedź,4.307,USD,investing_com
2021-07-12,HG=F,Miedź,4.316,USD,investing_com
2021-07-09,HG=F,Miedź,4.3455,USD,investing_com
2021-07-08,HG=F,Miedź,4.2645,USD,investing_com
2021-07-07,HG=F,Miedź,4.3225,USD,investing_com
2021-07-06,HG=F,Miedź,4.251,USD,investing_com
2021-07-05,HG=F,Miedź,4.344,USD,investing_com
2021-07-02,HG=F,Miedź,4.276,USD,investing_com
2021-07-01,HG=F,Miedź,4.236,USD,investing_com
2021-06-30,HG=F,Miedź,4.289,USD,investing_com
2021-06-29,HG=F,Miedź,4.2645,USD,investing_com
2021-06-28,HG=F,Miedź,4.28,USD,investing_com
2021-06-25,HG=F,Miedź,4.2905,USD,investing_com
2021-06-24,HG=F,Miedź,4.307,USD,investing_com
2021-06-23,HG=F,Miedź,4.3265,USD,investing_com
2021-06-22,HG=F,Miedź,4.2245,USD,investing_com
2021-06-21,HG=F,Miedź,4.1845,USD,investing_com
2021-06-18,HG=F,Miedź,4.1615,USD,investing_com
2021-06-17,HG=F,Miedź,4.1825,USD,investing_com
2021-06-16,HG=F,Miedź,4.3885,USD,investing_com
2021-06-15,HG=F,Miedź,4.3375,USD,investing_com
2021-06-14,HG=F,Miedź,4.531,USD,investing_com
2021-06-11,HG=F,Miedź,4.5415,USD,investing_com
2021-06-10,HG=F,Miedź,4.489,USD,investing_com
2021-06-09,HG=F,Miedź,4.5345,USD,investing_com
2021-06-08,HG=F,Miedź,4.559,USD,investing_com
2021-06-07,HG=F,Miedź,4.5295,USD,investing_com
2021-06-04,HG=F,Miedź,4.5315,USD,investing_com
2021-06-03,HG=F,Miedź,4.4665,USD,investing_com
2021-06-02,HG=F,Miedź,4.595,USD,investing_com
2021-06-01,HG=F,Miedź,4.6565,USD,investing_com
2021-05-31,HG=F,Miedź,4.681,USD,investing_com
2021-05-30,HG=F,Miedź,4.6937,USD,investing_com
2021-05-28,HG=F,Miedź,4.681,USD,investing_com
2021-05-27,HG=F,Miedź,4.666,USD,investing_com
2021-05-26,HG=F,Miedź,4.5295,USD,investing_com
2021-05-25,HG=F,Miedź,4.5065,USD,investing_com
2021-05-24,HG=F,Miedź,4.5255,USD,investing_com
2021-05-21,HG=F,Miedź,4.481,USD,investing_com
2021-05-20,HG=F,Miedź,4.568,USD,investing_com
2021-05-19,HG=F,Miedź,4.5765,USD,investing_com
2021-05-18,HG=F,Miedź,4.7255,USD,investing_com
2021-05-17,HG=F,Miedź,4.7115,USD,investing_com
2021-05-14,HG=F,Miedź,4.6545,USD,investing_com
2021-05-13,HG=F,Miedź,4.6905,USD,investing_com
2021-05-12,HG=F,Miedź,4.736,USD,investing_com
2021-05-11,HG=F,Miedź,4.762,USD,investing_com
2021-05-10,HG=F,Miedź,4.716,USD,investing_com
2021-05-07,HG=F,Miedź,4.7485,USD,investing_com
2021-05-06,HG=F,Miedź,4.6025,USD,investing_com
2021-05-05,HG=F,Miedź,4.524,USD,investing_com
2021-05-04,HG=F,Miedź,4.5215,USD,investing_com
2021-05-03,HG=F,Miedź,4.5285,USD,investing_com
2021-04-30,HG=F,Miedź,4.468,USD,investing_com
2021-04-29,HG=F,Miedź,4.4865,USD,investing_com
2021-04-28,HG=F,Miedź,4.498,USD,investing_com
2021-04-27,HG=F,Miedź,4.487,USD,investing_com
2021-04-26,HG=F,Miedź,4.443,USD,investing_com
2021-04-23,HG=F,Miedź,4.34,USD,investing_com
2021-04-22,HG=F,Miedź,4.278,USD,investing_com
2021-04-21,HG=F,Miedź,4.2845,USD,investing_com
2021-04-20,HG=F,Miedź,4.219,USD,investing_com
2021-04-19,HG=F,Miedź,4.243,USD,investing_com
2021-04-16,HG=F,Miedź,4.172,USD,investing_com
2021-04-15,HG=F,Miedź,4.223,USD,investing_com
2021-04-14,HG=F,Miedź,4.1315,USD,investing_com
2021-04-13,HG=F,Miedź,4.0365,USD,investing_com
2021-04-12,HG=F,Miedź,4.0225,USD,investing_com
2021-04-09,HG=F,Miedź,4.0445,USD,investing_com
2021-04-08,HG=F,Miedź,4.099,USD,investing_com
2021-04-07,HG=F,Miedź,4.0575,USD,investing_com
2021-04-06,HG=F,Miedź,4.118,USD,investing_com
2021-04-05,HG=F,Miedź,4.1395,USD,investing_com
2021-04-01,HG=F,Miedź,3.994,USD,investing_com
2021-03-31,HG=F,Miedź,4.0,USD,investing_com
2021-03-30,HG=F,Miedź,3.982,USD,investing_com
2021-03-29,HG=F,Miedź,4.0345,USD,investing_com
2021-03-26,HG=F,Miedź,4.068,USD,investing_com
2021-03-25,HG=F,Miedź,3.978,USD,investing_com
2021-03-24,HG=F,Miedź,4.064,USD,investing_com
2021-03-23,HG=F,Miedź,4.0795,USD,investing_com
2021-03-22,HG=F,Miedź,4.1395,USD,investing_com
2021-03-19,HG=F,Miedź,4.113,USD,investing_com
2021-03-18,HG=F,Miedź,4.108,USD,investing_com
2021-03-17,HG=F,Miedź,4.119,USD,investing_com
2021-03-16,HG=F,Miedź,4.0715,USD,investing_com
2021-03-15,HG=F,Miedź,4.1405,USD,investing_com
2021-03-12,HG=F,Miedź,4.14,USD,investing_com
2021-03-11,HG=F,Miedź,4.139,USD,investing_com
2021-03-10,HG=F,Miedź,4.0325,USD,investing_com
2021-03-09,HG=F,Miedź,4.0085,USD,investing_com
2021-03-08,HG=F,Miedź,4.093,USD,investing_com
2021-03-05,HG=F,Miedź,4.0755,USD,investing_com
2021-03-04,HG=F,Miedź,3.9785,USD,investing_com
2021-03-03,HG=F,Miedź,4.142,USD,investing_com
2021-03-02,HG=F,Miedź,4.222,USD,investing_com
2021-03-01,HG=F,Miedź,4.113,USD,investing_com
2021-02-26,HG=F,Miedź,4.0925,USD,investing_com
2021-02-25,HG=F,Miedź,4.2635,USD,investing_com
2021-02-24,HG=F,Miedź,4.3015,USD,investing_com
2021-02-23,HG=F,Miedź,4.185,USD,investing_com
2021-02-22,HG=F,Miedź,4.1465,USD,investing_com
2021-02-19,HG=F,Miedź,4.077,USD,investing_com
2021-02-18,HG=F,Miedź,3.905,USD,investing_com
2021-02-17,HG=F,Miedź,3.8235,USD,investing_com
2021-02-16,HG=F,Miedź,3.8345,USD,investing_com
2021-02-15,HG=F,Miedź,3.8218,USD,investing_com
2021-02-14,HG=F,Miedź,3.8003,USD,investing_com
2021-02-12,HG=F,Miedź,3.7875,USD,investing_com
2021-02-11,HG=F,Miedź,3.7735,USD,investing_com
2021-02-10,HG=F,Miedź,3.773,USD,investing_com
2021-02-09,HG=F,Miedź,3.719,USD,investing_com
2021-02-08,HG=F,Miedź,3.6665,USD,investing_com
2021-02-05,HG=F,Miedź,3.627,USD,investing_com
2021-02-04,HG=F,Miedź,3.555,USD,investing_com
2021-02-03,HG=F,Miedź,3.5655,USD,investing_com
2021-02-02,HG=F,Miedź,3.5245,USD,investing_com
2021-02-01,HG=F,Miedź,3.5455,USD,investing_com
2021-01-29,HG=F,Miedź,3.558,USD,investing_com
2021-01-28,HG=F,Miedź,3.58,USD,investing_com
2021-01-27,HG=F,Miedź,3.5575,USD,investing_com
2021-01-26,HG=F,Miedź,3.6195,USD,investing_com
2021-01-25,HG=F,Miedź,3.6295,USD,investing_com
2021-01-22,HG=F,Miedź,3.626,USD,investing_com
2021-01-21,HG=F,Miedź,3.6475,USD,investing_com
2021-01-20,HG=F,Miedź,3.6415,USD,investing_com
2021-01-19,HG=F,Miedź,3.6335,USD,investing_com
2021-01-18,HG=F,Miedź,3.6168,USD,investing_com
2021-01-17,HG=F,Miedź,3.576,USD,investing_com
2021-01-15,HG=F,Miedź,3.602,USD,investing_com
2021-01-14,HG=F,Miedź,3.6645,USD,investing_com
2021-01-13,HG=F,Miedź,3.617,USD,investing_com
2021-01-12,HG=F,Miedź,3.6055,USD,investing_com
2021-01-11,HG=F,Miedź,3.5645,USD,investing_com
2021-01-08,HG=F,Miedź,3.6735,USD,investing_com
2021-01-07,HG=F,Miedź,3.696,USD,investing_com
2021-01-06,HG=F,Miedź,3.6505,USD,investing_com
2021-01-05,HG=F,Miedź,3.6395,USD,investing_com
2021-01-04,HG=F,Miedź,3.5545,USD,investing_com
2021-01-01,HG=F,Miedź,3.52,USD,investing_com
